epoch,train_loss,val_loss,accuracy
0,1.4067307172861314,1.3006998300552368,37.3
1,1.214580936539442,,
2,1.100017978284592,,
3,1.028838086397128,,
4,0.9830922986331739,,
5,0.9466972382445085,,
6,0.9092101844629847,,
7,0.8894338168595967,,
8,0.851288532404075,,
9,0.830367998969286,,
10,0.8063304643881949,0.8223618566989899,66.6
11,0.8006251037568974,,
12,0.7824287468329408,,
13,0.7517957140628556,,
14,0.7322449047762648,,
15,0.7214960939902112,,
16,0.7089850924965134,,
17,0.6967475871394452,,
18,0.685603414263044,,
19,0.676501162518236,,
20,0.6575636868190048,0.7127012759447098,71.3
21,0.6469397607602572,,
22,0.6385011251707723,,
23,0.6157121089168061,,
24,0.622539184147254,,
25,0.6050104209803101,,
26,0.6010172828695828,,
27,0.5865354777726912,,
28,0.5825878018723395,,
29,0.5576193357320657,,
30,0.5593338436201999,0.6330337971448898,75.1
31,0.5502298541535112,,
32,0.5364473520364976,,
33,0.5331638486761796,,
34,0.5253081328438637,,
35,0.5116715930906454,,
36,0.5041989399526352,,
37,0.500830805615375,,
38,0.4868873225567036,,
39,0.47736869606756627,,
40,0.46975842499195186,0.6661932989954948,74.3
41,0.45147865360840816,,
42,0.4548603016182892,,
43,0.44004090768950327,,
44,0.43192931516726213,,
45,0.44242359910692486,,
46,0.4439815132689655,,
47,0.41826575792821724,,
48,0.4214999460636225,,
49,0.3938484303933337,,
50,0.3933540273429756,0.6368667557835579,75.6
51,0.39233843209151936,,
52,0.3748264429264499,,
53,0.37462976261189107,,
54,0.36218190854205223,,
55,0.3531314463991868,,
56,0.35760619653795,,
57,0.35105048444934356,,
58,0.33632480526777137,,
59,0.3338721412465088,,
60,0.32639646653394055,0.5727867186069489,79.8
61,0.34065352929265874,,
62,0.30997646852095323,,
63,0.3080491860558216,,
64,0.30546737322233675,,
65,0.2937683096729723,,
66,0.301362770056366,,
67,0.28424023719210373,,
68,0.2770564586372304,,
69,0.2791509651824048,,
70,0.26952316964927475,0.5787948369979858,82.2
71,0.2644245765711132,,
72,0.27172775297684776,,
73,0.24963289768175972,,
74,0.2554931609254134,,
75,0.23867736039753246,,
76,0.2472834119895347,,
77,0.229585125482172,,
78,0.24813601329810636,,
79,0.22791804787807896,,
80,0.22725208820705128,0.6717886328697205,79.5
81,0.21949412522459388,,
82,0.2295715035800647,,
83,0.21683042698112645,,
84,0.20430104266431995,,
85,0.2173654854969871,,
86,0.19587734520883487,,
87,0.2021123917591303,,
88,0.18831126924071992,,
89,0.18526569070448554,,
90,0.1923509174047556,0.7240936458110809,81.1
91,0.19375178475577132,,
92,0.1810238443707165,,
93,0.18315927829957546,,
94,0.16734858002877773,,
95,0.1575096996319025,,
96,0.17650532789696427,,
97,0.16015685304887312,,
98,0.1675858183910972,,
99,0.1565733853363453,,
100,0.16023640777159454,0.8104073777794838,78.2
101,0.17033928621532327,,
102,0.1413866931614571,,
103,0.1467954599879738,,
104,0.13885063952521273,,
105,0.12856823771743847,,
106,0.1366790331115848,,
107,0.12194767667162687,,
108,0.13638037728859967,,
109,0.12514062206211843,,
110,0.13485921241511079,0.8251261562108994,80.5
111,0.10383074579382301,,
112,0.11627879276647604,,
113,0.1435815899219728,,
114,0.14171057695845016,,
115,0.09967689263753425,,
116,0.0954768577856677,,
117,0.09458623350338828,,
118,0.10046345132746194,,
119,0.15107493284613566,,
120,0.12039260490608394,0.8415655717253685,82.0
121,0.08474297890145528,,
122,0.12805314084753058,,
123,0.10023483547164981,,
124,0.08867775878511873,,
125,0.06855660930443976,,
126,0.13381233545286314,,
127,0.08107975206540939,,
128,0.06754840361444574,,
129,0.07802182909353335,,
130,0.08137120767251442,1.0052898079156876,80.4
131,0.08355776444637686,,
132,0.08902633276985104,,
133,0.08744269144490249,,
134,0.07871043123304844,,
135,0.07153009473437205,,
136,0.06927056278669297,,
137,0.08952512698514122,,
138,0.06278383327101854,,
139,0.19475151898157328,,
140,0.07373869678187639,1.0333144664764404,81.7
141,0.0514433300752837,,
142,0.04632166091044594,,
143,0.06858626655057858,,
144,0.0639338314505224,,
145,0.0717571574662413,,
146,0.048698677086180316,,
147,0.06484951637685299,,
148,0.18728135044413402,,
149,0.0629425574850319,,
150,0.037644221209325736,1.0499184727668762,82.9
151,0.03752399675716135,,
152,0.029387919964002713,,
153,0.04257560362409156,,
154,0.13394961363278834,,
155,0.03355205710277073,,
156,0.03044439537828802,,
157,0.029331688580096216,,
158,0.09163750997303348,,
159,0.10535776193596814,,
160,0.03640265162698084,1.1924692243337631,80.5
161,0.0810669045615241,,
162,0.03593515050142331,,
163,0.02791608642450625,,
164,0.03734176921749249,,
165,0.10609071248708139,,
166,0.07933460484097775,,
167,0.03398191750301678,,
168,0.029896221025601813,,
169,0.041990456115314385,,
170,0.05498425648512697,1.153573527932167,81.2
171,0.10275810515802157,,
172,0.11305493402077739,,
173,0.028973119613483436,,
174,0.022967344314504163,,
175,0.023821775626419184,,
176,0.016859424479053656,,
177,0.01625365580088998,,
178,0.018585877013357736,,
179,0.015737242576547135,,
180,0.011930054701388554,1.3442527800798416,81.9
181,0.2203978866520793,,
182,0.060906608063811644,,
183,0.03226315125795011,,
184,0.01827138181971876,,
185,0.027932379335249054,,
186,0.07743056163303834,,
187,0.12091894701291296,,
188,0.04184471605051505,,
189,0.0159183468851716,,
190,0.012675588859483264,1.2792265117168427,82.2
191,0.010684593829249306,,
192,0.010171378223939721,,
193,0.011862489009710183,,
194,0.09014459501923923,,
195,0.11620664156805303,,
196,0.057668296200104226,,
197,0.026551298303459595,,
198,0.012891288543876289,,
199,0.011134431860234616,,
200,0.010067951124987769,1.3578952103853226,82.1
201,0.023357905801105545,,
202,0.12650205462442754,,
203,0.08800191139536244,,
204,0.017326376033260635,,
205,0.011925060827201022,,
206,0.00759237085616118,,
207,0.0073932634502005086,,
208,0.007143763785908713,,
209,0.008979117385762975,,
210,0.148420367564978,1.3033320903778076,81.2
211,0.04057808277106151,,
212,0.03572942548312415,,
213,0.009125225828904519,,
214,0.007908418331701392,,
215,0.006246065355914372,,
216,0.013557071051791422,,
217,0.08738594738192353,,
218,0.0626394082967164,,
219,0.03907004089087696,,
220,0.031077060029190733,1.3682722747325897,81.2
221,0.014545119908477244,,
222,0.00750435797298061,,
223,0.03618477261800291,,
224,0.08772142412477082,,
225,0.011317781647107094,,
226,0.009975181046971366,,
227,0.009891505417049884,,
228,0.04424584401715407,,
229,0.13768054621252127,,
230,0.04901410467026377,1.1856866478919983,82.6
231,0.010836053944255849,,
232,0.006382824586970466,,
233,0.005026169663078075,,
234,0.005992766022437105,,
235,0.10836759906724319,,
236,0.03702771747344755,,
237,0.0080127239689455,,
238,0.008128540386459826,,
239,0.004269961781512694,,
240,0.0036687957896689946,1.3975026607513428,83.9
241,0.0033017274174363094,,
242,0.003083134736144509,,
243,0.0045116479014907784,,
244,0.007721115995191485,,
245,0.1558298056146928,,
246,0.047982773890620785,,
247,0.014894795485008928,,
248,0.10097374961732473,,
249,0.052099044168634076,,
250,0.00915306786432358,1.3338481336832047,82.1
251,0.005347077982479188,,
252,0.003918891499970893,,
253,0.003442833958547282,,
254,0.0031386768481260013,,
255,0.0027234353404317077,,
256,0.0027722079132655566,,
257,0.002464830106442892,,
258,0.0022061798788074937,,
259,0.0024317343398942647,,
260,0.006543901907385124,1.8257913440465927,81.9
261,0.18487854750084698,,
262,0.07580493820509068,,
263,0.009942139714214027,,
264,0.004976551833604567,,
265,0.004447529847817705,,
266,0.0030253394056090565,,
267,0.002737571733051393,,
268,0.0029399868523653006,,
269,0.011945427564336896,,
270,0.10224552498430126,1.3201628774404526,78.6
271,0.07786944743834044,,
272,0.04376604002935434,,
273,0.006570570710066117,,
274,0.0038471125535442866,,
275,0.003051125069404427,,
276,0.0032605487841034404,,
277,0.002686200649880181,,
278,0.002399182644728711,,
279,0.07217121668268499,,
280,0.05018046328839951,1.3993903249502182,82.8
281,0.015619147645967795,,
282,0.02524154326052202,,
283,0.007383324338921479,,
284,0.06749696955014776,,
285,0.06670943639220152,,
286,0.026774916932673046,,
287,0.00722389139980778,,
288,0.0028539152563850684,,
289,0.002219464281955524,,
290,0.002110716636262876,1.5227430164813995,82.8
291,0.0019383053870826146,,
292,0.0018699910103070333,,
293,0.0017575918297682489,,
294,0.0015331735647164454,,
295,0.001513203056756743,,
296,0.0013895328832821767,,
297,0.001991750080754658,,
298,0.13091971283722528,,
299,0.19653777472842904,,
300,0.023584904327736536,1.3426119834184647,82.3
301,0.007903174245099825,,
302,0.013446648564028617,,
303,0.027513498794007347,,
304,0.007838129376225817,,
305,0.00260519815426796,,
306,0.0019292383024966191,,
307,0.0017009617737144289,,
308,0.0016072970601428945,,
309,0.0016232229335079516,,
310,0.0014102206188184034,1.621033951640129,82.7
311,0.0014191814707031935,,
312,0.0011422791590702307,,
313,0.0010985864656347136,,
314,0.0010573175570339356,,
315,0.000927700444485264,,
316,0.0009680716565957195,,
317,0.0011157834208946802,,
318,0.26635559537461995,,
319,0.0529757221124338,,
320,0.009419157392961583,1.479751817882061,82.2
321,0.004142092887042581,,
322,0.002356683256374182,,
323,0.002237752161366879,,
324,0.0019238971226719116,,
325,0.0015646165540560912,,
326,0.0016546719252390968,,
327,0.0014950602621284727,,
328,0.001164784416673649,,
329,0.0011303821362859633,,
330,0.0010726285856120863,1.6908985525369644,82.8
331,0.0010613368616677484,,
332,0.0008931398551247636,,
333,0.0008473285369722074,,
334,0.0007759353359421554,,
335,0.0007296886339501821,,
336,0.12029572393805579,,
337,0.4441666945927125,,
338,0.11049240849968187,,
339,0.04510102860797617,,
340,0.018790888325206208,1.2931340634822845,82.1
341,0.008184242215448697,,
342,0.005902437299325418,,
343,0.0026548589606895426,,
344,0.002129403649762805,,
345,0.0015233253348527714,,
346,0.0013729004822653906,,
347,0.0014335437523747298,,
348,0.001778271577725383,,
349,0.0011327088426683041,,
350,0.0010155865390167075,1.7101383954286575,82.8
351,0.000960592253140657,,
352,0.0008615363379187629,,
353,0.0006931787608383937,,
354,0.0007127029895677435,,
355,0.16214995496053794,,
356,0.07642398732609319,,
357,0.06002800294051045,,
358,0.015434472597575277,,
359,0.007593799696682035,,
360,0.004078053421589469,1.4521836787462234,83.6
361,0.002097611887996694,,
362,0.0018041800262049346,,
363,0.0014836565760766064,,
364,0.0014124031231609081,,
365,0.001084128384875778,,
366,0.0009932343685462076,,
367,0.001096996868027486,,
368,0.0008996414295065083,,
369,0.0007161263759857169,,
370,0.178643227590964,1.325580358505249,82.4
371,0.030674243601445193,,
372,0.00944047909461074,,
373,0.007757666579419677,,
374,0.005254151785826744,,
375,0.001607953656781675,,
376,0.0011954196930960997,,
377,0.0010193389309990338,,
378,0.0010163164198664682,,
379,0.0009303991956359713,,
380,0.0018786424088214797,1.9433618634939194,82.3
381,0.12437816334650256,,
382,0.039591723972497356,,
383,0.03773911520173507,,
384,0.004481986497661897,,
385,0.002319670552772967,,
386,0.021446407542833567,,
387,0.0172897195163414,,
388,0.008461004073199416,,
389,0.0018520426710619403,,
390,0.0010741789382357233,1.7313345819711685,82.7
391,0.0009032700802077,,
392,0.0008799712836901706,,
393,0.0007981589346068484,,
394,0.0006889638409352882,,
395,0.0006646039416266017,,
396,0.000590993699799747,,
397,0.0007277932347374429,,
398,0.16446251836590053,,
399,0.042737592423957936,,
400,0.014725249346443698,1.4950444102287292,82.9
401,0.00772005871298926,,
402,0.0029324964529141447,,
403,0.02742799404917523,,
404,0.04508787885140207,,
405,0.013221195460423212,,
406,0.0038854314825721645,,
407,0.0013810763646729459,,
408,0.001093887180856716,,
409,0.0008491450766210017,,
410,0.0008235541971039755,1.7394321709871292,83.2
411,0.0006648483110637285,,
412,0.0006825075751998553,,
413,0.0006490205597312757,,
414,0.0006026500494427685,,
415,0.0005259541341688316,,
416,0.00046164979333236563,,
417,0.0004993338466979059,,
418,0.000418395697958925,,
419,0.00041134802296782205,,
420,0.00041973625512835674,1.9098715037107468,83.6
421,0.00047722419092446547,,
422,0.0005232731000843275,,
423,0.0003027189016673465,,
424,0.0003101376723519989,,
425,0.0002816960681284536,,
426,0.00030529613817142166,,
427,0.3596458444816036,,
428,0.04568412325422006,,
429,0.020310936691729647,,
430,0.00632415808688261,1.5046457648277283,82.0
431,0.002326685343991573,,
432,0.0012961499451193959,,
433,0.0011033041562878044,,
434,0.0009944347211306816,,
435,0.0009082997912765109,,
436,0.0008616296614299676,,
437,0.0007100426122551448,,
438,0.0007875750038932127,,
439,0.000711287720513152,,
440,0.00057217311514524,1.8011763840913773,82.9
441,0.0005409933346117098,,
442,0.0004983206323997461,,
443,0.00046766790943447836,,
444,0.0004374591482797098,,
445,0.0004608710965511907,,
446,0.00040107652253061675,,
447,0.00037402344370414886,,
448,0.0003366905509750709,,
449,0.00034400825267281255,,
450,0.00036440070818530225,1.92195825278759,82.4
451,0.00037210765173282346,,
452,0.3312345543589957,,
453,0.13587241701053498,,
454,0.051952295873622246,,
455,0.0342468747491003,,
456,0.018826505374093364,,
457,0.012114681481187673,,
458,0.00343172164647875,,
459,0.002783681155721608,,
460,0.002035816137493357,1.5941931307315826,82.6
461,0.0015074466860632559,,
462,0.0013097069025760923,,
463,0.0012203594000092743,,
464,0.001004513476417694,,
465,0.0009390705105799594,,
466,0.0008510021225652567,,
467,0.0007724100129750621,,
468,0.0007828963691582273,,
469,0.0006371102734780486,,
470,0.0006778537387884383,1.8183309584856033,82.9
471,0.12964031838460063,,
472,0.04334903079526205,,
473,0.015150622245890642,,
474,0.017825640253967753,,
475,0.004989403833484599,,
476,0.002815727635087179,,
477,0.0015282976387254194,,
478,0.0007952314423383179,,
479,0.0006169218848340382,,
480,0.0005409131996216308,1.8213863521814346,82.4
481,0.000493747877728201,,
482,0.0004678672204525875,,
483,0.0004964042518417442,,
484,0.0004240854660681925,,
485,0.00036240569153919646,,
486,0.0004661768224397569,,
487,0.00043944276092903117,,
488,0.0003331079088344897,,
489,0.0002795091230720737,,
490,0.14743218198752325,1.1002187132835388,78.1
491,0.07699393878403799,,
492,0.02503796752815352,,
493,0.009776165529462347,,
494,0.005450623537522314,,
495,0.007308120528565145,,
496,0.0021310640263539227,,
497,0.0007891433371040144,,
498,0.00065791567875496,,
499,0.0006698605700096648,,
500,0.0005206968974500642,1.791409358382225,81.7
501,0.00047726092326824194,,
502,0.00045270180774772105,,
503,0.00042025833386276617,,
504,0.00037479859140449506,,
505,0.0003560655600985659,,
506,0.0003271657755030354,,
507,0.000306576286620702,,
508,0.000294287100935852,,
509,0.00028092076615592347,,
510,0.07042828372827796,1.6594254076480865,74.5
511,0.1319790115173822,,
512,0.014970515698852731,,
513,0.0030806806766519087,,
514,0.0012411047683510564,,
515,0.000881725726596647,,
516,0.0007684039870186016,,
517,0.0008301379321461642,,
518,0.0006404092351125231,,
519,0.0005712335460112059,,
520,0.0005008707783527189,1.7221352010965347,82.3
521,0.000567218598089517,,
522,0.00044475669491838286,,
523,0.00041103495202417646,,
524,0.0003574712384015994,,
525,0.00033867203518796424,,
526,0.00040462219585879895,,
527,0.00034462554863683837,,
528,0.0003069903110385928,,
529,0.004018245895434332,,
530,0.18411377175970184,1.2286068499088287,80.9
531,0.054590027198139435,,
532,0.01195711188659044,,
533,0.003147957012358409,,
534,0.0017000206919471012,,
535,0.0011476532033560588,,
536,0.0009162308092629957,,
537,0.0008683541907379194,,
538,0.0006973060972496685,,
539,0.0006095697077891012,,
540,0.0005606162190897726,1.7903967052698135,82.1
541,0.0004986253704024913,,
542,0.0005120232597796974,,
543,0.00043008156244194877,,
544,0.00039675986039569545,,
545,0.0003589574183373278,,
546,0.0003990375301061037,,
547,0.00034229860439086054,,
548,0.00030449236187553454,,
549,0.00030782033384714583,,
550,0.00024613993998644945,1.9500912129878998,82.3
551,0.00023205677652206357,,
552,0.00025849559107910024,,
553,0.0002442264582410794,,
554,0.00020120052179943988,,
555,0.00017992437344383188,,
556,0.0002053154694431556,,
557,0.00020451864026442234,,
558,0.00017736239514258494,,
559,0.0001475028700787833,,
560,0.6131740363883531,0.9096661657094955,76.3
561,0.13355616421291702,,
562,0.03293610742679776,,
563,0.018386705312877893,,
564,0.009149859956976838,,
565,0.005652704551865004,,
566,0.002418089524975845,,
567,0.0019206391604568221,,
568,0.0010798398514288738,,
569,0.0008875159610192382,,
570,0.0008000603582030793,1.8707293272018433,81.7
571,0.0006626328943372543,,
572,0.0006406781315292351,,
573,0.0005505631353506553,,
574,0.00047095734136979114,,
575,0.0004457140277285143,,
576,0.0004164493121723189,,
577,0.0004167488596819628,,
578,0.0003793231447168654,,
579,0.0003687864786785978,,
580,0.00041253656174950794,2.0816394090652466,81.6
581,0.00045565066452547766,,
582,0.0004066287948447105,,
583,0.0002590184334608205,,
584,0.00021842863993116137,,
585,0.00021987724006552374,,
586,0.00023292102893644637,,
587,0.00021771079015084788,,
588,0.00018337994448589407,,
589,0.00019180418525124843,,
590,0.00023219934376910735,2.236879423260689,82.2
591,0.0001991532782475198,,
592,0.0001976979086415175,,
593,0.47094708915939465,,
594,0.10247761837409851,,
595,0.029700404267646092,,
596,0.010370165764361172,,
597,0.004970791571969657,,
598,0.0022700607935947025,,
599,0.0016892733235311294,,
600,0.0012175279377987678,1.7787435799837112,81.7
601,0.0013582325210931355,,
602,0.0008983660996558943,,
603,0.0008318793666251423,,
604,0.0006744174956986541,,
605,0.0005952832017696105,,
606,0.0005484725414517973,,
607,0.0004888731865711245,,
608,0.0004429645055199928,,
609,0.0004111009412396986,,
610,0.0003942321900946186,2.0166225731372833,82.4
611,0.00032906067748886665,,
612,0.00032687701960619454,,
613,0.00030804720214442033,,
614,0.000303255302577255,,
615,0.0002906010014615967,,
616,0.00023593628355954017,,
617,0.00021415602020710125,,
618,0.0001888920248204254,,
619,0.0002038622231995582,,
620,0.00017154298173655368,2.2149671614170074,82.3
621,0.00016459196531218198,,
622,0.00015155845686333356,,
623,0.00016786226637519657,,
624,0.00012281199385888203,,
625,0.00016508222512143255,,
626,0.45136271717534066,,
627,0.32551661200989457,,
628,0.060263867973160926,,
629,0.013253392606161367,,
630,0.0067767414362414884,1.4786318242549896,81.8
631,0.0027593294536271237,,
632,0.0016297331553379675,,
633,0.0011220026596736414,,
634,0.0008609041763527347,,
635,0.000867359476957008,,
636,0.0006650545052471536,,
637,0.0005883917455820549,,
638,0.00048310952875990756,,
639,0.0004805587947673227,,
640,0.00048538106259508266,1.8374354392290115,81.5
641,0.0004310597677315109,,
642,0.00040773595395520736,,
643,0.0003185520789221006,,
644,0.0003192662065577364,,
645,0.0002680315509288838,,
646,0.0002668057176126062,,
647,0.00027462574666457015,,
648,0.00026995585850594017,,
649,0.00023256362126124812,,
650,0.00019759963719192646,2.0029830783605576,81.6
651,0.00019099666635047195,,
652,0.000170198115271812,,
653,0.00015403218768691098,,
654,0.00017022374280836937,,
655,0.00013382470308699298,,
656,0.00018495015705466495,,
657,0.41064819030523214,,
658,0.0872323292034461,,
659,0.022997548593614334,,
660,0.019391803298481648,1.801032766699791,80.2
661,0.022489361753827312,,
662,0.019791554792651107,,
663,0.0034719088031206617,,
664,0.0012613423678523308,,
665,0.0009051240621532026,,
666,0.0007204464727555773,,
667,0.0005792968133350666,,
668,0.0005313635312932844,,
669,0.0004525595250289145,,
670,0.00040638940079493056,2.174865037202835,81.0
671,0.00037492737569014674,,
672,0.00034365866626910444,,
673,0.00029674702668295563,,
674,0.00029843113257893697,,
675,0.0002682166957122246,,
676,0.0002831516609777945,,
677,0.00023379913915064243,,
678,0.00019027366428951123,,
679,0.0001766224530931646,,
680,0.0001727107830132932,2.3261713683605194,81.7
681,0.00016435941919676532,,
682,0.00016229742510418,,
683,0.00014850980440492538,,
684,0.00012554008383159455,,
685,0.00012716076800875853,,
686,0.00012442585623768837,,
687,0.00010309224878317463,,
688,0.00012756251654584623,,
689,0.3255539925158885,,
690,0.08922107759302944,1.4561680406332016,79.0
691,0.02175545019160648,,
692,0.01612129996800305,,
693,0.007371871889729921,,
694,0.04256173764369486,,
695,0.0035284678390445677,,
696,0.0014204464697881245,,
697,0.0009390958182205607,,
698,0.0006579091154035405,,
699,0.0005838966274570982,,
700,0.0006362138972184411,2.027611196041107,80.5
701,0.00046597175581093627,,
702,0.0004168474797073654,,
703,0.00041681197505834673,,
704,0.00036336457166650957,,
705,0.0003421647815319142,,
706,0.0003045385468917937,,
707,0.0002927952735987667,,
708,0.0002571371272582687,,
709,0.0002708439397909223,,
710,0.00022017849430693945,2.2728848457336426,81.7
711,0.00020629644927965245,,
712,0.00021607103195506205,,
713,0.00018268517087015876,,
714,0.00016886904377589191,,
715,0.00016754613344326064,,
716,0.00016613343235037878,,
717,0.0001509171183042918,,
718,0.00013128942295484843,,
719,0.0001318155479833179,,
720,0.00013398757159608832,2.435478776693344,81.4
721,0.00011681271429469939,,
722,0.0001430630449235616,,
723,0.342677159344349,,
724,0.15014942839069473,,
725,0.026959711213112997,,
726,0.020895890445147353,,
727,0.008051452340288577,,
728,0.007527274687956542,,
729,0.004939763282891363,,
730,0.0021766171767901546,1.9247742295265198,81.5
731,0.0006185481364180551,,
732,0.0003822818994228868,,
733,0.00033164415936313106,,
734,0.0002681420187024256,,
735,0.000254748921719497,,
736,0.00022150571954229154,,
737,0.00020730761454779395,,
738,0.00020394381800385478,,
739,0.00017297161550806393,,
740,0.00016437203918112777,2.2368340492248535,81.9
741,0.0001518880691358739,,
742,0.0001515933619296796,,
743,0.00013296492637125898,,
744,0.00013445529282735084,,
745,0.000133970684795973,,
746,0.00011155790174174249,,
747,9.833042325164871e-05,,
748,0.00010506715304124137,,
749,0.0001008038645550255,,
750,9.041395630508913e-05,2.4367871582508087,82.0
751,8.415389054146756e-05,,
752,8.000403655948085e-05,,
753,7.637691878767499e-05,,
754,7.615972670710722e-05,,
755,7.460887857981524e-05,,
756,6.701361313813472e-05,,
757,6.221965174989961e-05,,
758,6.008919315622494e-05,,
759,5.226714834260152e-05,,
760,5.3067029498345077e-05,2.582611322402954,81.6
761,6.111637181552088e-05,,
762,5.160262869201387e-05,,
763,0.43334812456639765,,
764,0.4084232276991794,,
765,0.11709184552493848,,
766,0.028190623979343285,,
767,0.012314241136165154,,
768,0.004399510905325161,,
769,0.0027187336800809027,,
770,0.0020103449640004314,1.700890228152275,81.0
771,0.0014189712874349766,,
772,0.001156999046399601,,
773,0.0009730841066859858,,
774,0.0008182613178212336,,
775,0.0007947987840288578,,
776,0.0013503283790717098,,
777,0.07610717448349026,,
778,0.023862603943290792,,
779,0.012050877305104825,,
780,0.003000653760693267,1.9971974790096283,81.3
781,0.0013361951041725093,,
782,0.0006044372180748129,,
783,0.00040349341347757585,,
784,0.0003638183573874491,,
785,0.0002903244795677728,,
786,0.0002598762993623776,,
787,0.00025213573399766637,,
788,0.0002239071109215729,,
789,0.00020103712395075148,,
790,0.00023039199753893764,2.12767593562603,81.8
791,0.00018655316438854154,,
792,0.00016642657696261574,,
793,0.00016272347349335643,,
794,0.00014504470798551084,,
795,0.0001319310334049379,,
796,0.00012315623828733368,,
797,0.0001220681888777395,,
798,0.00011376671924304367,,
799,0.00010326080979909345,,
800,0.0001171719937510237,2.26301908493042,82.2
801,9.910944474294705e-05,,
802,9.397657175528242e-05,,
803,8.731229753126049e-05,,
804,9.657556329740262e-05,,
805,8.751019478430473e-05,,
806,0.00010398411966588512,,
807,6.882771472226153e-05,,
808,7.192930640888888e-05,,
809,7.544005562604275e-05,,
810,5.445570881201455e-05,2.4102351367473602,82.0
811,5.0461271602852544e-05,,
812,4.672609283008391e-05,,
813,0.4350107981708241,,
814,0.18023420237284854,,
815,0.044875191983283685,,
816,0.014629601465916275,,
817,0.006528682790563575,,
818,0.0017321406127499852,,
819,0.0010880339878464216,,
820,0.0008528460984825528,1.8523127436637878,81.5
821,0.000641142263661902,,
822,0.0005609444480413865,,
823,0.0004968699638966359,,
824,0.00047324908792463136,,
825,0.000449019126332351,,
826,0.00035628889977522336,,
827,0.00030270321265123856,,
828,0.00026783640452120557,,
829,0.00024358788734963653,,
830,0.00021648957742324723,2.1120381206274033,81.8
831,0.00021396575416166938,,
832,0.00020299042758656162,,
833,0.00020756972867788054,,
834,0.00017849805374140501,,
835,0.0001531114505638484,,
836,0.00013994499321891735,,
837,0.00014133058548874318,,
838,0.0001447752120818626,,
839,0.00011609622056414793,,
840,0.00010873201110945574,2.2890539169311523,81.6
841,0.0001060967284652555,,
842,0.00010663033445007728,,
843,9.001902911503085e-05,,
844,9.172808570571549e-05,,
845,7.671205686965277e-05,,
846,7.170308466661106e-05,,
847,6.630848685362205e-05,,
848,6.608715572421127e-05,,
849,6.156964492336392e-05,,
850,5.529811251723633e-05,2.46553310751915,81.8
851,5.6221850282145856e-05,,
852,5.681091676152371e-05,,
853,0.2684208956720744,,
854,0.180690763728287,,
855,0.03626647162342206,,
856,0.009590290879823715,,
857,0.002273053275701359,,
858,0.0014193052652684088,,
859,0.0008181063685902304,,
860,0.0007632800239607468,1.9566093981266022,81.3
861,0.0005515946828737448,,
862,0.00047113842983411526,,
863,0.0004206677243709599,,
864,0.00036682368426726384,,
865,0.0003365937219293704,,
866,0.0003236992936428195,,
867,0.000285085628154474,,
868,0.00027862783887181114,,
869,0.00024035481197314854,,
870,0.0001988667027582327,2.2191483080387115,82.0
871,0.0002212116440177783,,
872,0.00018524671302424722,,
873,0.00017474153757671287,,
874,0.0001532351725609602,,
875,0.00014869851700605343,,
876,0.00013730916610879112,,
877,0.00011600864942229783,,
878,0.00014200595524700366,,
879,0.00010641646210723066,,
880,0.00010691347756106635,2.4387323558330536,82.0
881,0.00010513984588235468,,
882,9.779822312681008e-05,,
883,8.511051940269982e-05,,
884,8.665263065035434e-05,,
885,7.775281169996649e-05,,
886,7.47925439093234e-05,,
887,6.453004474801982e-05,,
888,6.639265716227982e-05,,
889,5.837172086746038e-05,,
890,0.12019680281961123,1.4113054871559143,64.1
891,0.37024439776078205,,
892,0.03099122781418544,,
893,0.009741586710053278,,
894,0.0021661736530206284,,
895,0.00111694761492396,,
896,0.0007145570131995596,,
897,0.0005797800445829385,,
898,0.00046946818058911176,,
899,0.00041827248629091544,,
900,0.0004203242904732452,2.175268590450287,81.7
901,0.00033737950839270327,,
902,0.00029841712584081844,,
903,0.00027939911994774987,,
904,0.00028022009969835127,,
905,0.00023925196985789414,,
906,0.00022459775677167011,,
907,0.00020425550274080876,,
908,0.0001885123927874011,,
909,0.00017128851993076846,,
910,0.00017774034039801445,2.398714303970337,81.7
911,0.00015653313238360163,,
912,0.0001445481945180441,,
913,0.00013297501020571146,,
914,0.00012394585537823106,,
915,0.00011631458378668272,,
916,0.00010760953888453322,,
917,0.00010588498304073289,,
918,0.00011344651081748096,,
919,9.673124662739631e-05,,
920,8.540507942119515e-05,2.5503005385398865,81.8
921,9.725590749932374e-05,,
922,8.132911514115775e-05,,
923,7.712091824340264e-05,,
924,6.740794414415854e-05,,
925,6.394565282523006e-05,,
926,6.157255658517282e-05,,
927,5.239532823141321e-05,,
928,5.665225476116035e-05,,
929,5.9869302481787514e-05,,
930,0.4566840034712959,0.7226557359099388,75.3
931,0.2190503948053023,,
932,0.04394010371787656,,
933,0.025111459829333358,,
934,0.03547661116870148,,
935,0.010896432318521622,,
936,0.003723373565266147,,
937,0.0023210772894816543,,
938,0.0009985752570043718,,
939,0.0007124618916856335,,
940,0.0005778880536913368,2.1174473762512207,80.7
941,0.0005461930785734291,,
942,0.00042165379699484157,,
943,0.0003617268655916564,,
944,0.00036640574366092346,,
945,0.0003084382464075496,,
946,0.0002780874826309894,,
947,0.00025908583396594073,,
948,0.0002316444748102274,,
949,0.00022175441552093602,,
950,0.00018917374920173936,2.3884969651699066,80.7
951,0.00019564060882719487,,
952,0.0001827744034331649,,
953,0.00016597393471585705,,
954,0.0001607113868215636,,
955,0.00013472616137049154,,
956,0.00013054042623603289,,
957,0.00011376366696514792,,
958,0.00011155737822838618,,
959,0.00010433759058300927,,
960,9.867683121755315e-05,2.5932759940624237,80.6
961,9.289945812365898e-05,,
962,8.891923754074247e-05,,
963,8.2691934552631e-05,,
964,7.446936339867971e-05,,
965,6.581535105800511e-05,,
966,0.2457130824297797,,
967,0.09353378053082335,,
968,0.015224303736848603,,
969,0.011725398980140602,,
970,0.0037173601011815656,1.8028168827295303,80.6
971,0.001019151599051893,,
972,0.0006346560651839088,,
973,0.00047217264922013634,,
974,0.0003960682575383462,,
975,0.00034758372815926313,,
976,0.0002994768255756979,,
977,0.00029232712147216473,,
978,0.0002543071941476967,,
979,0.0002272795559532058,,
980,0.00021846755473398343,2.160373270511627,81.2
981,0.00018600193797645712,,
982,0.00016792912583354393,,
983,0.00016754555001266693,,
984,0.00015527895364603572,,
985,0.00013814267087336086,,
986,0.0001423620873593018,,
987,0.0001276900300964419,,
988,0.00011782663627547349,,
989,0.00011130890290820061,,
990,0.00011942067828926142,2.2770740687847137,81.5
991,0.00010157502300646051,,
992,0.00010282395707786476,,
993,8.451696662529884e-05,,
994,8.59242838377849e-05,,
995,7.764176782649501e-05,,
996,6.803724885056246e-05,,
997,6.437823957865585e-05,,
998,6.84385312203282e-05,,
999,6.260075956116706e-05,,
1000,5.5908395326586924e-05,2.518482804298401,81.0
1001,4.730481383800148e-05,,
1002,4.809111976641347e-05,,
1003,5.8927607865473675e-05,,
1004,4.41449511848426e-05,,
1005,4.000546867013655e-05,,
1006,3.755207972814849e-05,,
1007,3.704491035064268e-05,,
1008,3.243669519869762e-05,,
1009,3.7740481044457375e-05,,
1010,3.144555130245151e-05,2.657177060842514,81.4
1011,2.704481701249805e-05,,
1012,2.6841473850493602e-05,,
1013,2.5188314915302406e-05,,
1014,2.2885479036877476e-05,,
1015,1.9982888955526408e-05,,
1016,0.3840680047391992,,
1017,0.2294547250284288,,
1018,0.02963005398799266,,
1019,0.00747018429289635,,
1020,0.00410136387244049,1.724959060549736,81.4
1021,0.003387825774388647,,
1022,0.0011140228958347027,,
1023,0.0006248904156885495,,
1024,0.0004352087748987089,,
1025,0.000418329079838074,,
1026,0.0003236987795116191,,
1027,0.00028047943252525675,,
1028,0.0002357236666476207,,
1029,0.00022149554146230535,,
1030,0.00019095189735591868,2.2318251729011536,80.4
1031,0.0001777502401999751,,
1032,0.00017096718125630877,,
1033,0.00018902830533920509,,
1034,0.0001618920853212686,,
1035,0.00013826917327099735,,
1036,0.00012979009175308564,,
1037,0.000114051068918425,,
1038,0.00010386207241094951,,
1039,0.00010014399418664686,,
1040,9.748884429400209e-05,2.423066735267639,80.6
1041,0.08929750692777474,,
1042,0.03958772407858668,,
1043,0.03257664641071307,,
1044,0.010330813760515582,,
1045,0.003029254335044407,,
1046,0.006736343091811558,,
1047,0.002290169548906764,,
1048,0.005172749474921257,,
1049,0.001018595253511269,,
1050,0.0003417617170312144,2.0790205895900726,81.4
1051,0.00020518238636583206,,
1052,0.00017109048559704157,,
1053,0.0001493619167472628,,
1054,0.0001325639648821653,,
1055,0.0001233661565028089,,
1056,0.00011343036745064384,,
1057,0.00010533935075276313,,
1058,9.821110331830638e-05,,
1059,9.280922555413247e-05,,
1060,9.182208096423612e-05,2.352948874235153,80.8
1061,7.805168822134627e-05,,
1062,7.920443292271085e-05,,
1063,7.04354387332722e-05,,
1064,6.939523494049655e-05,,
1065,7.256983830767493e-05,,
1066,6.265256686852343e-05,,
1067,5.434285086588155e-05,,
1068,5.459511408105727e-05,,
1069,4.998056062976317e-05,,
1070,4.5033133177557626e-05,2.5023219883441925,81.0
1071,5.694547045416933e-05,,
1072,4.433712969932143e-05,,
1073,4.088985440461315e-05,,
1074,4.3440140532602114e-05,,
1075,4.173296299216288e-05,,
1076,3.575508691555067e-05,,
1077,3.371206692709781e-05,,
1078,3.0496959285178183e-05,,
1079,2.9363292944759806e-05,,
1080,2.7128331966968856e-05,2.643166244029999,81.0
1081,2.6770708652628328e-05,,
1082,2.4386580662394408e-05,,
1083,2.4411895083176205e-05,,
1084,2.4357893992539476e-05,,
1085,2.2140411519807856e-05,,
1086,2.0291114374675745e-05,,
1087,2.8513419588615168e-05,,
1088,0.38350520720952663,,
1089,0.02004332764116221,,
1090,0.004244329610006197,1.7524534314870834,81.0
1091,0.0029643149197423704,,
1092,0.0013861228857203422,,
1093,0.0008946796999526511,,
1094,0.0007498047052649781,,
1095,0.0006049657672690928,,
1096,0.000515278813926349,,
1097,0.00043796491781836097,,
1098,0.0003737745939183252,,
1099,0.0003541397303145876,,
1100,0.0002968932185877864,2.07614004611969,81.2
1101,0.0002938893078664437,,
1102,0.0002451281916569827,,
1103,0.0002188052955778102,,
1104,0.0001867682690214877,,
1105,0.00019290557630531686,,
1106,0.00016351304058256013,,
1107,0.00015703694739762372,,
1108,0.0001355104262286734,,
1109,0.00012109729518704256,,
1110,0.00012225997637787964,2.3114950358867645,81.6
1111,0.00011244313870171519,,
1112,0.00010133804610638908,,
1113,9.643841073732329e-05,,
1114,8.966375351423937e-05,,
1115,8.596433942733355e-05,,
1116,7.221737949403451e-05,,
1117,6.677496356789383e-05,,
1118,6.515355896835147e-05,,
1119,6.546125146805455e-05,,
1120,5.827500864738009e-05,2.520790308713913,81.4
1121,5.371590598366666e-05,,
1122,5.132358257428575e-05,,
1123,4.341837286078669e-05,,
1124,4.680427511110403e-05,,
1125,4.002215091600363e-05,,
1126,4.408196301804659e-05,,
1127,3.81781088210009e-05,,
1128,3.366113794544432e-05,,
1129,3.438604151022829e-05,,
1130,3.071896867197238e-05,2.7063474357128143,81.6
1131,2.930433865366009e-05,,
1132,2.5288953555647643e-05,,
1133,2.5012831784786106e-05,,
1134,2.5121925812739466e-05,,
1135,2.4868344026847472e-05,,
1136,1.9967641902556188e-05,,
1137,2.2581897070281264e-05,,
1138,2.228174130870233e-05,,
1139,1.9764297484013005e-05,,
1140,1.8697486162171773e-05,2.871480166912079,81.3
1141,1.6103623560705554e-05,,
1142,1.4497440698724496e-05,,
1143,1.508244103500427e-05,,
1144,1.6008556617395553e-05,,
1145,1.2707504776042875e-05,,
1146,1.4241205778311733e-05,,
1147,1.1980192898351417e-05,,
1148,0.4928537555572604,,
1149,0.035699171990968455,,
1150,0.00805380628347971,1.6512469351291656,80.5
1151,0.0042120889135587375,,
1152,0.0010992932254606088,,
1153,0.0006470187950994875,,
1154,0.0004783972255978383,,
1155,0.0004221849469336702,,
1156,0.0003665494746235339,,
1157,0.0002858250332874582,,
1158,0.00026559268472991056,,
1159,0.00022943842196767044,,
1160,0.0002055354839798301,2.240941673517227,80.8
1161,0.00018975764336423331,,
1162,0.0001758090323239873,,
1163,0.00016135617961412948,,
1164,0.0001604802179956875,,
1165,0.00013376747372781655,,
1166,0.00012016253920838314,,
1167,0.00011736099721266034,,
1168,0.00010291565662815369,,
1169,0.00010468543667886301,,
1170,8.25961688224881e-05,2.448046565055847,81.0
1171,8.483032812856757e-05,,
1172,8.697739498789556e-05,,
1173,7.739141574689656e-05,,
1174,7.041303127296392e-05,,
1175,6.758388073813377e-05,,
1176,6.0075560473446134e-05,,
1177,5.7187133258997715e-05,,
1178,5.672978575165686e-05,,
1179,5.45304155274149e-05,,
1180,5.186266487972422e-05,2.6023963391780853,81.2
1181,4.662255508135006e-05,,
1182,4.2438258247798366e-05,,
1183,3.975682186575071e-05,,
1184,3.728126332025294e-05,,
1185,4.5885652125571485e-05,,
1186,3.3349043272558865e-05,,
1187,3.380642542617721e-05,,
1188,3.177804997096957e-05,,
1189,3.640329031666734e-05,,
1190,2.923050054672977e-05,2.7783224284648895,81.2
1191,2.5053756423875528e-05,,
1192,2.5145004897274332e-05,,
1193,2.4902162934274674e-05,,
1194,2.2381977931874465e-05,,
1195,2.2899477507484046e-05,,
1196,2.07593504927715e-05,,
1197,1.7849046436371063e-05,,
1198,1.666086741454621e-05,,
1199,1.887483254644654e-05,,
1200,1.5360365374787004e-05,2.9296650886535645,81.1
1201,1.5003643356019319e-05,,
1202,1.3997798935333025e-05,,
1203,1.2884763582132335e-05,,
1204,1.1860863345222092e-05,,
1205,1.600344694110445e-05,,
1206,1.2789698810839287e-05,,
1207,1.2559215207161322e-05,,
1208,0.46077892069197707,,
1209,0.5330479348960676,,
1210,0.15420404254437836,1.1630629897117615,80.3
1211,0.029463230453683695,,
1212,0.009744824829364293,,
1213,0.004825338767666398,,
1214,0.005010424061902428,,
1215,0.0021191113534351964,,
1216,0.0012560905424765963,,
1217,0.0010424405286050072,,
1218,0.0007662423093115239,,
1219,0.0006202757337762575,,
1220,0.0005355507904126245,2.002971738576889,81.6
1221,0.0004898286543290229,,
1222,0.0003729025452880056,,
1223,0.0003933483678981035,,
1224,0.00033947504638681973,,
1225,0.0002829665027093142,,
1226,0.00025414973793899697,,
1227,0.00023026172170932826,,
1228,0.00020784952729648064,,
1229,0.00019680710848708833,,
1230,0.0001754391891892765,2.2480886578559875,81.2
1231,0.0005068208471006676,,
1232,0.0004744011453557252,,
1233,0.00021647548162303094,,
1234,0.00017920894543592173,,
1235,0.00011515182277913769,,
1236,0.00011880351801090383,,
1237,0.00010006956908636537,,
1238,0.0001111814095169311,,
1239,9.648891920418587e-05,,
1240,7.829117227007181e-05,2.4076789915561676,81.9
1241,8.371083324738337e-05,,
1242,7.136748017797061e-05,,
1243,7.20394631284044e-05,,
1244,6.323750697043935e-05,,
1245,8.445546973918572e-05,,
1246,5.0627178945734e-05,,
1247,5.2536425957263886e-05,,
1248,4.746038628486291e-05,,
1249,4.251287288540805e-05,,
1250,4.1593476730223555e-05,2.634027123451233,81.7
1251,4.186731106378453e-05,,
1252,3.510212108219428e-05,,
1253,3.335517532517893e-05,,
1254,2.9594038243571174e-05,,
1255,2.62656282750396e-05,,
1256,2.6529450422499496e-05,,
1257,2.7307776211895735e-05,,
1258,2.4383275411624584e-05,,
1259,0.12303733560363132,,
1260,0.20475177062129168,1.6092723459005356,79.1
1261,0.017047049349902154,,
1262,0.004584897780017157,,
1263,0.0019061570320562005,,
1264,0.0007210381967374438,,
1265,0.00044268402662670897,,
1266,0.00039436455229139726,,
1267,0.0003072339678148186,,
1268,0.0002692371126066515,,
1269,0.00024161304712546743,,
1270,0.0002182703783614841,2.351204067468643,81.0
1271,0.0001934505879554698,,
1272,0.00018640366356418979,,
1273,0.00015667250398082548,,
1274,0.00018259407916321608,,
1275,0.0001477130302335258,,
1276,0.00012829981035184415,,
1277,0.00010483495052334944,,
1278,0.00011235664397761702,,
1279,9.522645078484351e-05,,
1280,8.952921446582611e-05,2.541248917579651,81.2
1281,8.291619686721439e-05,,
1282,7.481459443741023e-05,,
1283,6.611851381592686e-05,,
1284,5.9432546269571796e-05,,
1285,6.1033696668284696e-05,,
1286,5.0955144297746247e-05,,
1287,4.593957119756571e-05,,
1288,4.3382482568918736e-05,,
1289,4.376748635118396e-05,,
1290,3.652035293886631e-05,2.8047169148921967,80.3
1291,3.7819728803649346e-05,,
1292,3.578308120692023e-05,,
1293,3.333467908250759e-05,,
1294,2.93207496546994e-05,,
1295,2.587410842140268e-05,,
1296,2.430360481090808e-05,,
1297,2.495732811145619e-05,,
1298,2.586651481079687e-05,,
1299,2.3328820230074742e-05,,
1300,1.9531032219852467e-05,2.9377526342868805,80.6
1301,2.8989858952299163e-05,,
1302,2.093596770847446e-05,,
1303,1.7440881167983336e-05,,
1304,1.5617742333336338e-05,,
1305,1.7747563810586226e-05,,
1306,1.702622327335613e-05,,
1307,1.6366963092153136e-05,,
1308,0.22941658800280457,,
1309,0.15139787683361455,,
1310,0.02961524588903202,1.721326857805252,80.1
1311,0.01111475563576599,,
1312,0.025749164124026447,,
1313,0.009520132874079133,,
1314,0.0013291342525315801,,
1315,0.0006639602857707961,,
1316,0.0003673534812882746,,
1317,0.0003389182704705675,,
1318,0.0002540372001828671,,
1319,0.00023514848220301267,,
1320,0.00019799376733638732,2.2610113322734833,80.7
1321,0.00019027380551420734,,
1322,0.00016360932371261376,,
1323,0.000176087083126273,,
1324,0.0001349637512016089,,
1325,0.00014368314583763074,,
1326,0.00012064329579639288,,
1327,0.00011564378236560282,,
1328,9.985047554642337e-05,,
1329,9.252217700451095e-05,,
1330,8.398870732732637e-05,2.491499423980713,81.5
1331,8.515665351460895e-05,,
1332,8.156043191378475e-05,,
1333,7.481259495775736e-05,,
1334,7.022184844319603e-05,,
1335,6.697261008077093e-05,,
1336,6.418606384052927e-05,,
1337,5.944298546343536e-05,,
1338,7.031631447805689e-05,,
1339,5.1713993856455797e-05,,
1340,5.1300173603029765e-05,2.6383103728294373,81.1
1341,4.333842649854128e-05,,
1342,4.0886171819535834e-05,,
1343,4.217038611017401e-05,,
1344,3.813603280606803e-05,,
1345,0.18672008055974793,,
1346,0.03508177614959895,,
1347,0.01480579396571502,,
1348,0.0032263332805018592,,
1349,0.003429812223158595,,
1350,0.003571530717492447,2.197778433561325,79.4
1351,0.0067148443553911846,,
1352,0.024718297936487943,,
1353,0.00282491162297652,,
1354,0.0005107721456289781,,
1355,0.00024739018635613376,,
1356,0.0001758418800449349,,
1357,0.00014045114464960692,,
1358,0.00011826821846488769,,
1359,0.00010320179775508018,,
1360,9.68959479666266e-05,2.4191433787345886,81.0
1361,9.47626033718864e-05,,
1362,8.095275344593185e-05,,
1363,7.750961174993667e-05,,
1364,6.990058788954441e-05,,
1365,6.30726972372202e-05,,
1366,8.239678700055832e-05,,
1367,6.402433442226059e-05,,
1368,5.5381901590333014e-05,,
1369,5.013431149208393e-05,,
1370,4.997863495936643e-05,2.601970851421356,80.7
1371,4.94704693056362e-05,,
1372,4.190779576387477e-05,,
1373,4.002644608337327e-05,,
1374,3.557702066621945e-05,,
1375,3.6250809614984903e-05,,
1376,3.175666457413774e-05,,
1377,3.5852614586529084e-05,,
1378,3.584420215715943e-05,,
1379,3.06920672547382e-05,,
1380,2.6361259854713997e-05,2.7751691341400146,81.1
1381,2.4080554608292715e-05,,
1382,2.4108006579254814e-05,,
1383,2.248782047011042e-05,,
1384,2.097288341971755e-05,,
1385,2.1064004418544107e-05,,
1386,1.7808968805252506e-05,,
1387,1.705116550565572e-05,,
1388,1.7571778544904254e-05,,
1389,1.8258872404473542e-05,,
1390,1.744541314247159e-05,2.909030109643936,81.1
1391,1.5211489389536351e-05,,
1392,1.598149041237228e-05,,
1393,1.2086242211575482e-05,,
1394,1.2695345413136183e-05,,
1395,1.1651387345901961e-05,,
1396,1.10159510514554e-05,,
1397,1.09052440743961e-05,,
1398,1.714206091389513e-05,,
1399,1.146829760516009e-05,,
1400,1.386840346924173e-05,3.082719177007675,81.7
1401,8.669164727555318e-06,,
1402,8.291407243461463e-06,,
1403,7.854819055263165e-06,,
1404,9.848347626142012e-06,,
1405,8.041362825234754e-06,,
1406,5.664027329507541e-06,,
1407,5.636423504130018e-06,,
1408,5.755471532748038e-06,,
1409,5.333307103084831e-06,,
1410,4.951980305324291e-06,3.2299256920814514,81.5
1411,4.800440266060326e-06,,
1412,5.685605958489787e-06,,
1413,0.2714000084896741,,
1414,0.07647576279364023,,
1415,0.007130434788689998,,
1416,0.0030959969449042574,,
1417,0.0026057414306569285,,
1418,0.000642378351866019,,
1419,0.0003921184746795369,,
1420,0.0003137146167612908,2.2200872600078583,81.4
1421,0.0003003622121851597,,
1422,0.0002291557312653316,,
1423,0.00020562184336017539,,
1424,0.00026586968686429023,,
1425,0.00022271247945539478,,
1426,0.00016371083188289077,,
1427,0.00013971156568688348,,
1428,0.00012717706553836675,,
1429,0.00012118530042455935,,
1430,0.00011098238299970595,2.4592092633247375,81.0
1431,0.00011061790729242664,,
1432,9.023777113868978e-05,,
1433,9.045031674075399e-05,,
1434,8.529058018587905e-05,,
1435,7.502590396779167e-05,,
1436,6.7863313008165e-05,,
1437,6.123074781088573e-05,,
1438,6.550515506814165e-05,,
1439,5.227290784430916e-05,,
1440,5.862851478519943e-05,2.6356532275676727,81.1
1441,6.035635641795063e-05,,
1442,4.795682555670925e-05,,
1443,4.362136318158626e-05,,
1444,4.210749151875769e-05,,
1445,3.544484901712871e-05,,
1446,3.581841884399073e-05,,
1447,3.363230002593666e-05,,
1448,3.0269992769314186e-05,,
1449,3.14519924140221e-05,,
1450,2.6674703109931313e-05,2.824475973844528,80.9
1451,2.5828496123530815e-05,,
1452,2.499955708390873e-05,,
1453,2.294005228174129e-05,,
1454,2.051976653639489e-05,,
1455,4.4470561596925904e-05,,
1456,2.5656046467278277e-05,,
1457,1.990929252886253e-05,,
1458,1.6854088998068045e-05,,
1459,1.6244184023930858e-05,,
1460,1.5954682023453315e-05,2.9798220098018646,81.0
1461,0.22373470750388738,,
1462,0.08745617145686445,,
1463,0.01370167910100374,,
1464,0.00668169886790237,,
1465,0.004589856660678016,,
1466,0.001045382410310615,,
1467,0.00034871665991517134,,
1468,0.00023005101719807266,,
1469,0.00018068242537910714,,
1470,0.00017610823321357523,2.3191770911216736,81.0
1471,0.0001390474574698163,,
1472,0.00011790356887316269,,
1473,0.00011273022412348283,,
1474,0.00010995410269614716,,
1475,9.233426302179075e-05,,
1476,8.330360957954422e-05,,
1477,7.301981080453878e-05,,
1478,7.845815979177351e-05,,
1479,6.8917407472491e-05,,
1480,5.912588220322723e-05,2.566073477268219,80.9
1481,5.403107543247472e-05,,
1482,5.2348236291655304e-05,,
1483,5.3164861159379674e-05,,
1484,4.6795084304712396e-05,,
1485,4.658659584909989e-05,,
1486,4.197147416534721e-05,,
1487,3.840139228678278e-05,,
1488,3.9735737515084314e-05,,
1489,3.366767607035297e-05,,
1490,3.251749896484863e-05,2.717191994190216,81.0
1491,2.909165373478716e-05,,
1492,2.801607654060047e-05,,
1493,2.6515975499440763e-05,,
1494,2.49390551234546e-05,,
1495,2.428406805437473e-05,,
1496,2.336712091198564e-05,,
1497,2.179252814150965e-05,,
1498,1.9987552451154505e-05,,
1499,1.927943658233573e-05,,
1500,1.8124460536585373e-05,2.8770641684532166,81.2
1501,1.60963440497366e-05,,
1502,1.640174345173131e-05,,
1503,1.5768568747925494e-05,,
1504,1.8082972874116988e-05,,
1505,1.634141420808212e-05,,
1506,1.6646391619921397e-05,,
1507,1.2315189707764954e-05,,
1508,1.216215188929039e-05,,
1509,1.1532978030453178e-05,,
1510,1.0908866046438356e-05,2.9686625003814697,81.2
1511,9.323656369056529e-06,,
1512,9.18298912055386e-06,,
1513,8.999765912319293e-06,,
1514,7.98262233633738e-06,,
1515,8.710691785504731e-06,,
1516,7.353368782172136e-06,,
1517,7.994023796110336e-06,,
1518,6.574761071642843e-06,,
1519,6.6541108075008585e-06,,
1520,6.198129907411761e-06,3.1976626217365265,81.3
1521,6.5245615833807e-06,,
1522,5.666696839206882e-06,,
1523,0.14856458373389428,,
1524,0.17186139229180894,,
1525,0.01980102684040715,,
1526,0.007742753179955709,,
1527,0.019810946483193037,,
1528,0.005387351522134631,,
1529,0.0008090309876619481,,
1530,0.00036518695079100044,2.087908685207367,80.3
1531,0.0003357784878876134,,
1532,0.00018809338078262545,,
1533,0.00016426852689482643,,
1534,0.0001511167704991653,,
1535,0.00012698429269303438,,
1536,0.00012930980347962594,,
1537,0.00011828857742856551,,
1538,9.16727655195225e-05,,
1539,8.17169922702032e-05,,
1540,8.153356328622798e-05,2.411496639251709,80.5
1541,8.550831950188673e-05,,
1542,6.89050562814236e-05,,
1543,6.0378047921294364e-05,,
1544,6.999389347071056e-05,,
1545,6.14520519221494e-05,,
1546,4.906488743301479e-05,,
1547,4.9613201930272986e-05,,
1548,4.44702443422656e-05,,
1549,4.0251828912525e-05,,
1550,3.648618169797845e-05,2.5739038288593292,80.5
1551,3.827376489206834e-05,,
1552,3.419331538762186e-05,,
1553,3.437871081881265e-05,,
1554,2.9515738254789387e-05,,
1555,3.1380421612419396e-05,,
1556,3.1097471317726266e-05,,
1557,2.6989609622453425e-05,,
1558,2.9184876726312243e-05,,
1559,2.369206978463418e-05,,
1560,2.2370366857506824e-05,2.744773209095001,80.9
1561,2.0406860564838652e-05,,
1562,1.9715662632652104e-05,,
1563,1.8460740463517578e-05,,
1564,1.6195322583590133e-05,,
1565,1.8542724008416133e-05,,
1566,1.5664220439391914e-05,,
1567,1.6977394499603303e-05,,
1568,1.4591560820439267e-05,,
1569,1.5893899687323294e-05,,
1570,1.4288450547371068e-05,2.9050410985946655,81.1
1571,1.4177197429428207e-05,,
1572,1.2027994478188689e-05,,
1573,1.088423992338281e-05,,
1574,1.098368764281562e-05,,
1575,1.1900740048104194e-05,,
1576,1.3332357817024532e-05,,
1577,8.627584095752114e-06,,
1578,9.706640873918146e-06,,
1579,7.55314910424874e-06,,
1580,7.710767676985425e-06,3.057860165834427,81.3
1581,6.889099055094851e-06,,
1582,6.661262168187446e-06,,
1583,5.461511167872697e-06,,
1584,5.393111648213801e-06,,
1585,4.912414395116992e-06,,
1586,6.343979376375035e-06,,
1587,5.314699219516662e-06,,
1588,4.743127086988838e-06,,
1589,4.299829639503719e-06,,
1590,4.488211967332645e-06,3.2683770954608917,81.6
1591,3.7790012269520355e-06,,
1592,6.179236160213415e-06,,
1593,0.2534637370591465,,
1594,0.013450200306216633,,
1595,0.0038382891242574424,,
1596,0.0008053584309877772,,
1597,0.0003855180368834014,,
1598,0.00025785045049028977,,
1599,0.00021368944986274334,,
1600,0.00017688497196890842,2.2530730962753296,80.5
1601,0.00014887977051973182,,
1602,0.00013811441600492094,,
1603,0.0001490293909323794,,
1604,0.0001160567227478688,,
1605,0.00010943002554886061,,
1606,9.163968740236819e-05,,
1607,8.821164781802782e-05,,
1608,8.403112238547213e-05,,
1609,7.720093988855912e-05,,
1610,7.229050219106476e-05,2.462780237197876,80.7
1611,6.087528697406056e-05,,
1612,6.148662396299187e-05,,
1613,5.285336855489102e-05,,
1614,4.801393671576599e-05,,
1615,5.0391540110679745e-05,,
1616,4.264726215098521e-05,,
1617,3.762517557115096e-05,,
1618,3.93942337292461e-05,,
1619,3.9119587613538187e-05,,
1620,3.3009788034574825e-05,2.643938958644867,80.9
1621,3.19170086575988e-05,,
1622,3.0220778120209635e-05,,
1623,2.841817098314116e-05,,
1624,2.6459198179646025e-05,,
1625,2.4003063922771932e-05,,
1626,2.02516384478142e-05,,
1627,2.0660652816694435e-05,,
1628,1.986711021331723e-05,,
1629,1.765597369712782e-05,,
1630,1.691135535077052e-05,2.814357429742813,80.9
1631,1.641920602524717e-05,,
1632,1.492496550638048e-05,,
1633,1.5772274357579208e-05,,
1634,1.3831022114661887e-05,,
1635,1.2955040330055461e-05,,
1636,1.232747271151858e-05,,
1637,1.0626105134356739e-05,,
1638,1.250860370497745e-05,,
1639,9.661880447762306e-06,,
1640,9.112145212931413e-06,2.9673470556735992,80.7
1641,8.315864305641435e-06,,
1642,7.554606647721457e-06,,
1643,7.810603669878404e-06,,
1644,7.268785782172954e-06,,
1645,7.911411038586588e-06,,
1646,6.470282432689457e-06,,
1647,5.4332255411596514e-06,,
1648,5.118827898188881e-06,,
1649,5.40495117457227e-06,,
1650,5.4691766627514795e-06,3.1031223237514496,79.8
1651,4.500425953345708e-06,,
1652,4.3805631429150755e-06,,
1653,0.17330846214397888,,
1654,0.05246922404057157,,
1655,0.008041113178697379,,
1656,0.003817856241555016,,
1657,0.0016192721505058558,,
1658,0.00036093478312731645,,
1659,0.0002595553508269534,,
1660,0.00016936174328758424,2.214175909757614,80.9
1661,0.00015022177245910804,,
1662,0.0001235468695031022,,
1663,0.0001088173206593829,,
1664,0.0004576159849113223,,
1665,0.00032434090064640273,,
1666,9.849400862036501e-05,,
1667,8.715906900268826e-05,,
1668,7.640262331671994e-05,,
1669,6.733664633115164e-05,,
1670,6.307884923034064e-05,2.395834892988205,80.8
1671,5.664891922695228e-05,,
1672,4.9859728353755385e-05,,
1673,5.0595351534237374e-05,,
1674,4.4834735271614134e-05,,
1675,3.7565144308396535e-05,,
1676,3.6985415874396564e-05,,
1677,3.5736743720370666e-05,,
1678,3.2881792315021086e-05,,
1679,3.3934516950398406e-05,,
1680,2.8881751667971623e-05,2.581127494573593,80.7
1681,2.9435061530687773e-05,,
1682,3.0337890559468022e-05,,
1683,2.47903106807135e-05,,
1684,2.4895689821141443e-05,,
1685,2.325598294000405e-05,,
1686,2.1438218648045975e-05,,
1687,2.0984527574390605e-05,,
1688,1.945062350093114e-05,,
1689,1.7086836564851553e-05,,
1690,1.7748098923419136e-05,2.7438602447509766,80.6
1691,1.5298506998721467e-05,,
1692,1.4936366340448434e-05,,
1693,1.596889574512832e-05,,
1694,1.3255282517565134e-05,,
1695,1.2891157341852835e-05,,
1696,1.3452910078077071e-05,,
1697,1.2398894595330911e-05,,
1698,1.1278894957409047e-05,,
1699,1.0175967020559187e-05,,
1700,1.1431103501349856e-05,2.872312694787979,80.8
1701,1.2318084301162008e-05,,
1702,9.822497286461984e-06,,
1703,8.754086210453687e-06,,
1704,9.152398218391586e-06,,
1705,8.468038001574724e-06,,
1706,8.396188574475072e-06,,
1707,7.160430449406485e-06,,
1708,6.288304540245227e-06,,
1709,6.449362026990943e-06,,
1710,6.232360606943137e-06,3.0019669830799103,80.7
1711,5.364814089938919e-06,,
1712,5.511748864956076e-06,,
1713,4.8295221878667275e-06,,
1714,4.261732707057907e-06,,
1715,4.065991741579883e-06,,
1716,4.282040307364361e-06,,
1717,4.203835337272236e-06,,
1718,3.3551212165353457e-06,,
1719,3.4351263736811972e-06,,
1720,3.168054590112223e-06,3.162711411714554,80.3
1721,3.0577619528534876e-06,,
1722,3.335800030761237e-06,,
1723,2.7040958185469046e-06,,
1724,3.087154281184099e-06,,
1725,2.2015849780425348e-06,,
1726,0.25089145427409193,,
1727,0.1070690266577933,,
1728,0.01105014906707745,,
1729,0.003947596781260397,,
1730,0.0008670643677268023,2.0141452252864838,80.4
1731,0.00044142322221340233,,
1732,0.00033418515363849936,,
1733,0.0002924639054270342,,
1734,0.00023278233517946928,,
1735,0.00020388359577798538,,
1736,0.00017743341811723426,,
1737,0.0001568676889839029,,
1738,0.0001314290072917728,,
1739,0.00013769227929091206,,
1740,0.00011757883515755587,2.351293683052063,80.4
1741,0.0001008078436285373,,
1742,9.130194151187158e-05,,
1743,7.93502897573845e-05,,
1744,7.87782986649256e-05,,
1745,7.50312632508007e-05,,
1746,6.495265474118892e-05,,
1747,6.31718822434668e-05,,
1748,5.329025481117249e-05,,
1749,4.861129006637651e-05,,
1750,4.4386593409789e-05,2.5617114901542664,80.1
1751,4.366284619229697e-05,,
1752,3.7805542265950386e-05,,
1753,3.7535400559519126e-05,,
1754,3.820523576214875e-05,,
1755,3.2910798436342136e-05,,
1756,2.8413965746334096e-05,,
1757,2.7067694943132364e-05,,
1758,2.5867869472382782e-05,,
1759,2.4438727737824113e-05,,
1760,2.0445785173791576e-05,2.714268147945404,80.3
1761,2.0025867250748197e-05,,
1762,1.9514808200324468e-05,,
1763,1.780189073624775e-05,,
1764,1.6298638550673294e-05,,
1765,1.6584395116057605e-05,,
1766,1.5374449209677304e-05,,
1767,1.393477051142942e-05,,
1768,1.2694649490698712e-05,,
1769,1.2887328292227427e-05,,
1770,1.1400237584743614e-05,2.870792120695114,80.4
1771,1.0490638598803753e-05,,
1772,9.461834165586311e-06,,
1773,1.0139134410120531e-05,,
1774,9.30992050136848e-06,,
1775,9.695240548876599e-06,,
1776,8.248218907105648e-06,,
1777,7.665240347630328e-06,,
1778,8.065784895375385e-06,,
1779,7.156312136444319e-06,,
1780,9.649320510565085e-06,2.962837278842926,80.4
1781,7.127930983724787e-06,,
1782,5.2212899659982785e-06,,
1783,5.518172083885249e-06,,
1784,0.5268838824205657,,
1785,0.1637280528202541,,
1786,0.027037731417335738,,
1787,0.009027119524622882,,
1788,0.0019179026642639218,,
1789,0.0010065812017082383,,
1790,0.0005764581672926049,2.003020256757736,80.5
1791,0.0004043212172831759,,
1792,0.0003244730598685818,,
1793,0.0002748218925317042,,
1794,0.00023026194461075154,,
1795,0.00020128609529430314,,
1796,0.00017561715892104685,,
1797,0.00014765985778146038,,
1798,0.00013688147652616788,,
1799,0.00012017723419465023,,
1800,0.00010806797336797051,2.311231791973114,79.9
1801,9.96840071342089e-05,,
1802,9.702543576352589e-05,,
1803,8.598748084986618e-05,,
1804,8.110776352418212e-05,,
1805,7.214505923802516e-05,,
1806,6.731260894008657e-05,,
1807,6.374568770947267e-05,,
1808,5.251317173345417e-05,,
1809,5.212736887461462e-05,,
1810,5.193620941133844e-05,2.489988923072815,80.0
1811,4.8430906357871685e-05,,
1812,4.3385971927401766e-05,,
1813,3.923997618605932e-05,,
1814,3.6039103025202225e-05,,
1815,3.823891970534902e-05,,
1816,3.376758525662712e-05,,
1817,3.3845644738766735e-05,,
1818,0.10518806800091693,,
1819,0.07711642347731368,,
1820,0.01782948437980131,1.8899928480386734,79.9
1821,0.009004034994115801,,
1822,0.02466204022258674,,
1823,0.016305462223971334,,
1824,0.012747504992832438,,
1825,0.0020250175790502375,,
1826,0.00041498245132642387,,
1827,0.0002373483110108952,,
1828,0.0001967204577128466,,
1829,0.00015120042200605962,,
1830,0.00013333739209206796,2.281895726919174,81.5
1831,0.00012764716391524744,,
1832,0.00010967899508709946,,
1833,9.637511041211455e-05,,
1834,9.058417502212552e-05,,
1835,8.037582915163594e-05,,
1836,7.645301563495462e-05,,
1837,7.467503196938852e-05,,
1838,6.757518086057022e-05,,
1839,6.369989934915465e-05,,
1840,5.9690286694344e-05,2.4773236513137817,81.3
1841,5.559323134158538e-05,,
1842,4.6954285792714945e-05,,
1843,4.8847892504228985e-05,,
1844,4.654657347320362e-05,,
1845,3.9868596060048567e-05,,
1846,3.769478973166893e-05,,
1847,3.8617072633294303e-05,,
1848,3.704299780979352e-05,,
1849,3.3299520783431835e-05,,
1850,3.153797113664314e-05,2.6349523067474365,81.1
1851,2.9391689776432878e-05,,
1852,2.7369062119172106e-05,,
1853,2.5706162210225647e-05,,
1854,2.3668234055213888e-05,,
1855,2.2954983497290133e-05,,
1856,2.4188301618176727e-05,,
1857,2.0464964016806553e-05,,
1858,1.9363035475303458e-05,,
1859,1.8788810262106525e-05,,
1860,1.7077417981324417e-05,2.8112279176712036,81.2
1861,1.5981549442339494e-05,,
1862,1.5474294909118296e-05,,
1863,1.5512179563876616e-05,,
1864,1.333708421993936e-05,,
1865,1.2392838647928212e-05,,
1866,1.2234033625249058e-05,,
1867,1.0825031548184303e-05,,
1868,1.2088954249554803e-05,,
1869,9.601935093791722e-06,,
1870,9.778428761819669e-06,2.9510929882526398,81.4
1871,9.85226472280408e-06,,
1872,8.528508259642104e-06,,
1873,0.40836749946887657,,
1874,0.12983028509451033,,
1875,0.012125947055777997,,
1876,0.005308318892371301,,
1877,0.0013941140625279228,,
1878,0.0009458064567954175,,
1879,0.0006173171580697346,,
1880,0.00047462170613628524,2.1977950632572174,79.8
1881,0.000431726195884928,,
1882,0.000346725353788623,,
1883,0.0003073875336018058,,
1884,0.00029611893530402867,,
1885,0.00023899103065819612,,
1886,0.0002113492192531572,,
1887,0.0001836873686299537,,
1888,0.00017552440017186056,,
1889,0.00015587474036125003,,
1890,0.00013793289118828916,2.444577783346176,80.2
1891,0.00012872483106671405,,
1892,0.00011865940842496518,,
1893,0.00011412357502591559,,
1894,0.00010653335118689924,,
1895,9.515824923371674e-05,,
1896,0.00010324658767484991,,
1897,8.907838033556437e-05,,
1898,7.682882506858568e-05,,
1899,6.364158474397321e-05,,
1900,6.103211614428897e-05,2.616617202758789,80.2
1901,7.197656276887694e-05,,
1902,5.5358593990125594e-05,,
1903,4.960514367044916e-05,,
1904,4.8713499600673006e-05,,
1905,4.1524831383293004e-05,,
1906,0.1089453219018056,,
1907,0.03407893787204687,,
1908,0.014074502184573925,,
1909,0.0024498522353202765,,
1910,0.0012417929642002232,2.034087598323822,79.7
1911,0.0004085273383379147,,
1912,0.0002263880257001952,,
1913,0.00018618120422369722,,
1914,0.00014517336226128834,,
1915,0.00012421041168622616,,
1916,0.00011815249259475114,,
1917,9.597177750790313e-05,,
1918,8.775347353213492e-05,,
1919,8.171337908025546e-05,,
1920,7.690481592896019e-05,2.374760717153549,80.0
1921,6.831606066741112e-05,,
1922,6.26983069435626e-05,,
1923,7.085177288476039e-05,,
1924,5.919536864470351e-05,,
1925,5.574503343371163e-05,,
1926,5.1743079613269694e-05,,
1927,4.661884198375125e-05,,
1928,4.0938764786710124e-05,,
1929,4.063478988421122e-05,,
1930,3.562089461028288e-05,2.5512422025203705,80.2
1931,3.63296879124692e-05,,
1932,3.5373600443344366e-05,,
1933,2.9672142092640297e-05,,
1934,2.7934520485564974e-05,,
1935,2.995385464710399e-05,,
1936,2.734463654482703e-05,,
1937,2.5190821563050586e-05,,
1938,2.302609035402035e-05,,
1939,2.2237345557439946e-05,,
1940,5.5956153060915516e-05,2.6117189526557922,79.7
1941,2.9604112825795608e-05,,
1942,1.9112542984767334e-05,,
1943,1.7541404252068943e-05,,
1944,1.6569806109002554e-05,,
1945,1.5613149981734586e-05,,
1946,1.3641726218851463e-05,,
1947,1.2668972436257808e-05,,
1948,1.2064333677494174e-05,,
1949,0.16301754468543522,,
1950,0.02323354611040226,1.7211514562368393,80.3
1951,0.003968396648165903,,
1952,0.002634683818774319,,
1953,0.0006604071243607468,,
1954,0.00026216247018130803,,
1955,0.00019040821518187054,,
1956,0.00019183960652763998,,
1957,0.0001434064004132594,,
1958,0.00013855290898958685,,
1959,0.0001248047271262219,,
1960,0.00010494099052109111,2.2819689512252808,80.2
1961,9.3253239705026e-05,,
1962,8.821668054457077e-05,,
1963,8.154574767049643e-05,,
1964,7.452920337008046e-05,,
1965,6.813673743656688e-05,,
1966,6.041943323996515e-05,,
1967,5.696077383426631e-05,,
1968,5.8707510428015175e-05,,
1969,5.2767553271203217e-05,,
1970,4.791497299026416e-05,2.498253881931305,80.6
1971,4.979911493575131e-05,,
1972,4.350388087203142e-05,,
1973,3.96523945457197e-05,,
1974,3.667239847126801e-05,,
1975,3.5605016238061814e-05,,
1976,3.553520614639952e-05,,
1977,3.0138818413645896e-05,,
1978,2.7154556897940873e-05,,
1979,2.6737924886937865e-05,,
1980,2.3640904989126038e-05,2.6848103404045105,80.5
1981,2.432802070563097e-05,,
1982,2.3266080343365276e-05,,
1983,2.135370082522373e-05,,
1984,2.0397910001814406e-05,,
1985,2.1476594604320055e-05,,
1986,1.7291982116271664e-05,,
1987,1.7272680102543293e-05,,
1988,1.712688757102559e-05,,
1989,1.4852285972610707e-05,,
1990,1.4762996306330078e-05,2.823209434747696,80.6
1991,1.3595180540929655e-05,,
1992,1.232999982888107e-05,,
1993,1.18229831054451e-05,,
1994,1.1736269052083739e-05,,
1995,1.2651447364044002e-05,,
1996,1.116933280039469e-05,,
1997,1.3285924855755779e-05,,
1998,1.3285676934680296e-05,,
1999,1.063460854995246e-05,,
2000,0.26816896412656444,0.8772964775562286,76.5
